-- --------------------------------------------------------
-- Host:                         127.0.0.1
-- Server version:               8.0.30 - MySQL Community Server - GPL
-- Server OS:                    Win64
-- HeidiSQL Version:             12.1.0.6537
-- --------------------------------------------------------

/*!40101 SET @OLD_CHARACTER_SET_CLIENT=@@CHARACTER_SET_CLIENT */;
/*!40101 SET NAMES utf8 */;
/*!50503 SET NAMES utf8mb4 */;
/*!40103 SET @OLD_TIME_ZONE=@@TIME_ZONE */;
/*!40103 SET TIME_ZONE='+00:00' */;
/*!40014 SET @OLD_FOREIGN_KEY_CHECKS=@@FOREIGN_KEY_CHECKS, FOREIGN_KEY_CHECKS=0 */;
/*!40101 SET @OLD_SQL_MODE=@@SQL_MODE, SQL_MODE='NO_AUTO_VALUE_ON_ZERO' */;
/*!40111 SET @OLD_SQL_NOTES=@@SQL_NOTES, SQL_NOTES=0 */;


-- Dumping database structure for quizini
CREATE DATABASE IF NOT EXISTS `quizini` /*!40100 DEFAULT CHARACTER SET utf8mb4 COLLATE utf8mb4_0900_ai_ci */ /*!80016 DEFAULT ENCRYPTION='N' */;
USE `quizini`;

-- Dumping structure for table quizini.answers
CREATE TABLE IF NOT EXISTS `answers` (
  `id` int NOT NULL AUTO_INCREMENT,
  `question_id` int NOT NULL,
  `answer_text` varchar(255) NOT NULL,
  `is_correct` tinyint(1) DEFAULT '0',
  PRIMARY KEY (`id`)
) ENGINE=InnoDB AUTO_INCREMENT=269 DEFAULT CHARSET=utf8mb4 COLLATE=utf8mb4_0900_ai_ci;

-- Dumping data for table quizini.answers: ~255 rows (approximately)
INSERT INTO `answers` (`id`, `question_id`, `answer_text`, `is_correct`) VALUES
	(1, 1, '1998 and 1999', 1),
	(2, 1, '2000 and 2001', 0),
	(3, 1, '2005 and 2006', 0),
	(4, 1, '2018 and 2019', 0),
	(5, 2, 'Renault', 1),
	(6, 2, 'Ferrari', 0),
	(7, 2, 'McLaren', 0),
	(8, 2, 'Alpine', 0),
	(9, 3, '2021', 1),
	(10, 3, '2022', 0),
	(11, 3, '2023', 0),
	(12, 3, '2024', 0),
	(13, 4, 'Mercedes', 1),
	(14, 4, 'Red Bull', 0),
	(15, 4, 'Ferrari', 0),
	(16, 4, 'McLaren', 0),
	(17, 5, 'McLaren', 1),
	(18, 5, 'Alpine', 0),
	(19, 5, 'Williams', 0),
	(20, 5, 'Ferrari', 0),
	(21, 6, 'Sebastian Vettel', 1),
	(22, 6, 'Daniel Ricciardo', 0),
	(23, 6, 'Max Verstappen', 0),
	(24, 6, 'David Coulthard', 0),
	(25, 7, 'Kimi Räikkönen', 1),
	(26, 7, 'Mika Häkkinen', 0),
	(27, 7, 'Fernando Alonso', 0),
	(28, 7, 'Lewis Hamilton', 0),
	(29, 8, 'Monza', 1),
	(30, 8, 'Silverstone', 0),
	(31, 8, 'Spa-Francorchamps', 0),
	(32, 8, 'Monaco', 0),
	(33, 9, 'Alpine', 1),
	(34, 9, 'Renault', 0),
	(35, 9, 'Ferrari', 0),
	(36, 9, 'Aston Martin', 0),
	(37, 10, 'True', 1),
	(38, 10, 'False', 0),
	(39, 11, 'Ferrari', 1),
	(40, 11, 'McLaren', 0),
	(41, 11, 'Red Bull', 0),
	(42, 11, 'Mercedes', 0),
	(43, 12, 'True', 1),
	(44, 12, 'False', 0),
	(45, 13, 'Max Verstappen', 1),
	(46, 13, 'Charles Leclerc', 0),
	(47, 13, 'Sergio Perez', 0),
	(48, 13, 'Lewis Hamilton', 0),
	(49, 14, 'Red Bull', 1),
	(50, 14, 'Mercedes', 0),
	(51, 14, 'Ferrari', 0),
	(52, 14, 'Alpine', 0),
	(53, 15, '2021', 1),
	(54, 15, '2018', 0),
	(55, 15, '2022', 0),
	(56, 15, '2023', 0),
	(57, 16, 'Shigeru Miyamoto', 1),
	(58, 16, 'Hideo Kojima', 0),
	(59, 16, 'Gabe Newell', 0),
	(60, 16, 'Markus Persson', 0),
	(61, 17, '2011', 1),
	(62, 17, '2009', 0),
	(63, 17, '2013', 0),
	(64, 17, '2008', 0),
	(65, 18, 'Link', 1),
	(66, 18, 'Zelda', 0),
	(67, 18, 'Ganondorf', 0),
	(68, 18, 'Navi', 0),
	(69, 19, 'Epic Games', 1),
	(70, 19, 'Activision', 0),
	(71, 19, 'Valve', 0),
	(72, 19, 'Rockstar', 0),
	(73, 20, 'Role Playing Game', 1),
	(74, 20, 'Real Player Game', 0),
	(75, 20, 'Random Play Game', 0),
	(76, 20, 'Role Player Group', 0),
	(77, 21, 'Rockstar Games', 1),
	(78, 21, 'EA', 0),
	(79, 21, 'Ubisoft', 0),
	(80, 21, 'Activision', 0),
	(81, 22, 'God of War', 1),
	(82, 22, 'The Last of Us', 0),
	(83, 22, 'Uncharted', 0),
	(84, 22, 'Horizon', 0),
	(85, 23, 'Minecraft', 1),
	(86, 23, 'Tetris', 0),
	(87, 23, 'Grand Theft Auto V', 0),
	(88, 23, 'Wii Sports', 0),
	(89, 24, 'Japan', 1),
	(90, 24, 'USA', 0),
	(91, 24, 'South Korea', 0),
	(92, 24, 'China', 0),
	(93, 25, 'True', 1),
	(94, 25, 'False', 0),
	(95, 26, 'Sony', 1),
	(96, 26, 'Microsoft', 0),
	(97, 26, 'Nintendo', 0),
	(98, 26, 'Valve', 0),
	(99, 27, '2020', 1),
	(100, 27, '2018', 0),
	(101, 27, '2021', 0),
	(102, 27, '2019', 0),
	(103, 28, 'Markus Persson', 1),
	(104, 28, 'Jeb', 0),
	(105, 28, 'Shigeru Miyamoto', 0),
	(106, 28, 'Gabe Newell', 0),
	(107, 29, 'True', 1),
	(108, 29, 'False', 0),
	(109, 30, 'Ubisoft', 1),
	(110, 30, 'EA', 0),
	(111, 30, 'Rockstar', 0),
	(112, 30, 'Activision', 0),
	(113, 31, 'Freddie Mercury', 1),
	(114, 31, 'Axl Rose', 0),
	(115, 31, 'Chester Bennington', 0),
	(116, 31, 'Corey Taylor', 0),
	(117, 32, 'AC/DC', 1),
	(118, 32, 'Led Zeppelin', 0),
	(119, 32, 'Metallica', 0),
	(120, 32, 'Slipknot', 0),
	(121, 33, 'Queen', 1),
	(122, 33, 'AC/DC', 0),
	(123, 33, 'Metallica', 0),
	(124, 33, 'Limp Bizkit', 0),
	(125, 34, 'Axl Rose', 1),
	(126, 34, 'Freddie Mercury', 0),
	(127, 34, 'Corey Taylor', 0),
	(128, 34, 'Chino Moreno', 0),
	(129, 35, 'Led Zeppelin', 1),
	(130, 35, 'Pink Floyd', 0),
	(131, 35, 'AC/DC', 0),
	(132, 35, 'Queen', 0),
	(133, 36, 'Australia', 1),
	(134, 36, 'USA', 0),
	(135, 36, 'England', 0),
	(136, 36, 'Germany', 0),
	(137, 37, 'System of a Down', 1),
	(138, 37, 'Slipknot', 0),
	(139, 37, 'Limp Bizkit', 0),
	(140, 37, 'Saliva', 0),
	(141, 38, 'Fred Durst', 1),
	(142, 38, 'Corey Taylor', 0),
	(143, 38, 'Chester Bennington', 0),
	(144, 38, 'Jonathan Davis', 0),
	(145, 39, 'Slipknot', 1),
	(146, 39, 'Limp Bizkit', 0),
	(147, 39, 'Korn', 0),
	(148, 39, 'Saliva', 0),
	(149, 40, 'Click Click Boom', 1),
	(150, 40, 'Numb', 0),
	(151, 40, 'In the End', 0),
	(152, 40, 'Down with the Sickness', 0),
	(153, 41, 'Iowa', 1),
	(154, 41, 'California', 0),
	(155, 41, 'Florida', 0),
	(156, 41, 'Texas', 0),
	(157, 42, 'Linkin Park', 1),
	(158, 42, 'Korn', 0),
	(159, 42, 'Slipknot', 0),
	(160, 42, 'Limp Bizkit', 0),
	(161, 43, 'True', 1),
	(162, 43, 'False', 0),
	(163, 44, 'Chester Bennington', 1),
	(164, 44, 'Fred Durst', 0),
	(165, 44, 'Corey Taylor', 0),
	(166, 44, 'Chino Moreno', 0),
	(167, 45, 'Rammstein', 1),
	(168, 45, 'Slipknot', 0),
	(169, 45, 'Metallica', 0),
	(170, 45, 'System of a Down', 0),
	(171, 46, 'Hypertext Preprocessor', 1),
	(172, 46, 'Personal Home Page', 0),
	(173, 46, 'Private Hypertext Processor', 0),
	(174, 46, 'Pre Hypertext', 0),
	(175, 47, '$', 1),
	(176, 47, '@', 0),
	(177, 47, '#', 0),
	(178, 47, '%', 0),
	(179, 48, 'Yes', 1),
	(180, 48, 'No', 0),
	(181, 49, 'session_start()', 1),
	(182, 49, 'start_session()', 0),
	(183, 49, 'session_begin()', 0),
	(184, 49, 'begin_session()', 0),
	(185, 50, 'mysqli_connect()', 1),
	(186, 50, 'mysql_connect()', 0),
	(187, 50, 'pdo_connect()', 0),
	(188, 50, 'db_connect()', 0),
	(189, 51, 'echo', 1),
	(190, 51, 'print', 0),
	(191, 51, 'printf', 0),
	(192, 51, 'write', 0),
	(193, 52, '.php', 1),
	(194, 52, '.html', 0),
	(195, 52, '.asp', 0),
	(196, 52, '.js', 0),
	(197, 53, 'PHP Data Objects', 1),
	(198, 53, 'Personal Data Object', 0),
	(199, 53, 'Private Database Object', 0),
	(200, 53, 'PHP Database Objects', 0),
	(201, 54, 'True', 1),
	(202, 54, 'False', 0),
	(203, 55, 'header("Location: ...")', 1),
	(204, 55, 'redirect()', 0),
	(205, 55, 'go_to()', 0),
	(206, 55, 'location()', 0),
	(207, 56, 'True', 1),
	(208, 56, 'False', 0),
	(209, 57, '$_POST', 1),
	(210, 57, '$_GET', 0),
	(211, 57, '$_REQUEST', 0),
	(212, 57, '$_FORM', 0),
	(213, 58, 'True', 1),
	(214, 58, 'False', 0),
	(215, 59, 'True', 1),
	(216, 59, 'False', 0),
	(217, 60, '3306', 1),
	(218, 60, '8080', 0),
	(219, 60, '443', 0),
	(220, 60, '21', 0),
	(221, 61, '7', 1),
	(222, 61, '5', 0),
	(223, 61, '9', 0),
	(224, 61, '6', 0),
	(225, 62, 'True', 1),
	(226, 62, 'False', 0),
	(227, 63, 'Form VII (Juyo / Vaapad)', 1),
	(228, 63, 'Form III (Soresu)', 0),
	(229, 63, 'Form II (Makashi)', 0),
	(230, 63, 'Form V (Shien)', 0),
	(231, 64, 'Form III (Soresu)', 1),
	(232, 64, 'Form IV (Ataru)', 0),
	(233, 64, 'Form V (Shien)', 0),
	(234, 64, 'Form VII', 0),
	(235, 65, 'The Way of the Warrior', 1),
	(236, 65, 'The Perseverance Form', 0),
	(237, 65, 'The Diplomat Form', 0),
	(238, 65, 'The Aggression Form', 0),
	(239, 66, 'True', 1),
	(240, 66, 'False', 0),
	(241, 67, 'True', 1),
	(242, 67, 'False', 0),
	(243, 68, 'Yoda', 1),
	(244, 68, 'Obi-Wan Kenobi', 0),
	(245, 68, 'Anakin Skywalker', 0),
	(246, 68, 'Mace Windu', 0),
	(247, 69, 'Form VII', 1),
	(248, 69, 'Form III', 0),
	(249, 69, 'Form V', 0),
	(250, 69, 'Form II', 0),
	(251, 70, 'True', 1),
	(252, 70, 'False', 0),
	(253, 71, 'Mace Windu', 1),
	(254, 71, 'Obi-Wan Kenobi', 0),
	(255, 71, 'Yoda', 0),
	(256, 71, 'Count Dooku', 0),
	(257, 72, 'True', 1),
	(258, 72, 'False', 0),
	(259, 73, 'Form IV (Ataru)', 1),
	(260, 73, 'Form III (Soresu)', 0),
	(261, 73, 'Form II (Makashi)', 0),
	(262, 73, 'Form VI', 0),
	(263, 74, 'True', 1),
	(264, 74, 'False', 0),
	(265, 75, 'Darth Maul', 1),
	(266, 75, 'Darth Vader', 0),
	(267, 75, 'Count Dooku', 0),
	(268, 75, 'Emperor Palpatine', 0);

-- Dumping structure for table quizini.questions
CREATE TABLE IF NOT EXISTS `questions` (
  `id` int NOT NULL AUTO_INCREMENT,
  `quiz_id` int NOT NULL,
  `question_text` text NOT NULL,
  `type` enum('multiple_choice','true_false') NOT NULL,
  PRIMARY KEY (`id`)
) ENGINE=InnoDB AUTO_INCREMENT=76 DEFAULT CHARSET=utf8mb4 COLLATE=utf8mb4_0900_ai_ci;

-- Dumping data for table quizini.questions: ~75 rows (approximately)
INSERT INTO `questions` (`id`, `quiz_id`, `question_text`, `type`) VALUES
	(1, 1, 'Mika Häkkinen won his two World Championships in which years?', 'multiple_choice'),
	(2, 1, 'Fernando Alonso won his first two titles with which team?', 'multiple_choice'),
	(3, 1, 'Max Verstappen won his first World Championship in which year?', 'multiple_choice'),
	(4, 1, 'Which team dominated F1 from 2014 to 2020?', 'multiple_choice'),
	(5, 1, 'Oscar Piastri currently races for which team?', 'multiple_choice'),
	(6, 1, 'Mark Webber was teammates with which driver at Red Bull?', 'multiple_choice'),
	(7, 1, 'Which driver is known as "The Iceman"?', 'multiple_choice'),
	(8, 1, 'Which circuit is known as the "Temple of Speed"?', 'multiple_choice'),
	(9, 1, 'Fernando Alonso returned to F1 in 2021 with which team?', 'multiple_choice'),
	(10, 1, 'Lando Norris currently drives for McLaren. True or False?', 'true_false'),
	(11, 1, 'Charles Leclerc races for which team?', 'multiple_choice'),
	(12, 1, 'The 2021 Abu Dhabi Grand Prix decided the title between Verstappen and Hamilton. True or False?', 'true_false'),
	(13, 1, 'Which driver won the most races in the 2023 season?', 'multiple_choice'),
	(14, 1, 'Which team has been using Honda power units successfully since 2022?', 'multiple_choice'),
	(15, 1, 'In which year did Daniel Ricciardo win his last race?', 'multiple_choice'),
	(16, 2, 'Who created the character Mario?', 'multiple_choice'),
	(17, 2, 'In which year was Minecraft officially released?', 'multiple_choice'),
	(18, 2, 'Main character in The Legend of Zelda?', 'multiple_choice'),
	(19, 2, 'Which company developed Fortnite?', 'multiple_choice'),
	(20, 2, 'What does RPG stand for in gaming?', 'multiple_choice'),
	(21, 2, 'GTA V was developed by which studio?', 'multiple_choice'),
	(22, 2, 'Kratos is the main character of which series?', 'multiple_choice'),
	(23, 2, 'Best-selling video game of all time?', 'multiple_choice'),
	(24, 2, 'Nintendo is originally from which country?', 'multiple_choice'),
	(25, 2, 'Pac-Man was released in the 1980s. True or False?', 'true_false'),
	(26, 2, 'Which company makes the PlayStation consoles?', 'multiple_choice'),
	(27, 2, 'Among Us became hugely popular in which year?', 'multiple_choice'),
	(28, 2, 'Creator of Minecraft (Notch)?', 'multiple_choice'),
	(29, 2, 'Call of Duty is a first-person shooter. True or False?', 'true_false'),
	(30, 2, 'Which series includes Assassins Creed?', 'multiple_choice'),
	(31, 3, 'Who was the lead singer of Queen?', 'multiple_choice'),
	(32, 3, 'Which band released "Back in Black"?', 'multiple_choice'),
	(33, 3, 'Which band is famous for Bohemian Rhapsody?', 'multiple_choice'),
	(34, 3, 'Lead singer of Guns N Roses?', 'multiple_choice'),
	(35, 3, 'Which band sang "Stairway to Heaven?', 'multiple_choice'),
	(36, 3, 'AC/DC is from which country?', 'multiple_choice'),
	(37, 3, 'Which band is known for the song Chop Suey!?', 'multiple_choice'),
	(38, 3, 'Limp Bizkit frontman?', 'multiple_choice'),
	(39, 3, 'Which band is famous for "Wait and Bleed"?', 'multiple_choice'),
	(40, 3, 'Saliva had a big hit with which song?', 'multiple_choice'),
	(41, 3, 'Slipknot is from which US state?', 'multiple_choice'),
	(42, 3, 'Which band released the album Hybrid Theory?', 'multiple_choice'),
	(43, 3, 'Metallica is a thrash metal band. True or False?', 'true_false'),
	(44, 3, 'Who is the lead singer of Linkin Park?', 'multiple_choice'),
	(45, 3, 'Which band is known for Du Hast?', 'multiple_choice'),
	(46, 4, 'What does PHP stand for?', 'multiple_choice'),
	(47, 4, 'Which symbol is used to declare a variable in PHP?', 'multiple_choice'),
	(48, 4, 'Is PHP case-sensitive?', 'true_false'),
	(49, 4, 'How do you start a session in PHP?', 'multiple_choice'),
	(50, 4, 'Which function is used to connect to MySQL database?', 'multiple_choice'),
	(51, 4, 'Correct way to output text in PHP?', 'multiple_choice'),
	(52, 4, 'PHP files have which extension?', 'multiple_choice'),
	(53, 4, 'What does PDO stand for?', 'multiple_choice'),
	(54, 4, 'Can PHP be used for full-stack web development?', 'true_false'),
	(55, 4, 'Which function is used to redirect a user?', 'multiple_choice'),
	(56, 4, 'isset() checks if a variable exists. True or False?', 'true_false'),
	(57, 4, 'Which superglobal is used for POST form data?', 'multiple_choice'),
	(58, 4, 'Prepared statements help prevent SQL injection. True or False?', 'true_false'),
	(59, 4, 'PHP was created by Rasmus Lerdorf. True or False?', 'true_false'),
	(60, 4, 'Default MySQL port number?', 'multiple_choice'),
	(61, 5, 'How many classic lightsaber combat forms are there?', 'multiple_choice'),
	(62, 5, 'Form III (Soresu) is known for strong defense. True or False?', 'true_false'),
	(63, 5, 'Which form is considered the most aggressive?', 'multiple_choice'),
	(64, 5, 'Which form did Obi-Wan Kenobi primarily master?', 'multiple_choice'),
	(65, 5, 'Form V is also known as?', 'multiple_choice'),
	(66, 5, 'Makashi is best suited for lightsaber-to-lightsaber dueling. True or False?', 'true_false'),
	(67, 5, 'Ataru is an acrobatic fighting style. True or False?', 'true_false'),
	(68, 5, 'Which Jedi is famous for using Form IV (Ataru)?', 'multiple_choice'),
	(69, 5, 'Darth Maul primarily used which form?', 'multiple_choice'),
	(70, 5, 'There are 7 main lightsaber forms. True or False?', 'true_false'),
	(71, 5, 'Form VII (Juyo / Vaapad) was created/refined by which Jedi?', 'multiple_choice'),
	(72, 5, 'Form VI (Niman) is known as the balanced/diplomatic form. True or False?', 'true_false'),
	(73, 5, 'Yoda primarily used which form?', 'multiple_choice'),
	(74, 5, 'Form II (Makashi) focuses on precision and elegance. True or False?', 'true_false'),
	(75, 5, 'Which Sith Lord was known for using a double-bladed lightsaber?', 'multiple_choice');

-- Dumping structure for table quizini.quizzes
CREATE TABLE IF NOT EXISTS `quizzes` (
  `id` int NOT NULL AUTO_INCREMENT,
  `title` varchar(100) NOT NULL,
  `theme` varchar(50) NOT NULL,
  `description` text,
  PRIMARY KEY (`id`)
) ENGINE=InnoDB AUTO_INCREMENT=6 DEFAULT CHARSET=utf8mb4 COLLATE=utf8mb4_0900_ai_ci;

-- Dumping data for table quizini.quizzes: ~5 rows (approximately)
INSERT INTO `quizzes` (`id`, `title`, `theme`, `description`) VALUES
	(1, 'Formula 1 (2000-Present)', 'Formula 1', 'Modern F1 knowledge from 2000 to today'),
	(2, 'Video Games', 'Video Games', 'Classic and modern gaming knowledge'),
	(3, 'Rock & Metal Music', 'Rock Metal', 'Rock, Nu Metal and Heavy Metal knowledge'),
	(4, 'PHP Coding Challenge', 'PHP Coding', 'Test your real PHP programming knowledge'),
	(5, 'Lightsaber Duel Styles', 'Lightsaber Duels', 'Star Wars lightsaber combat forms and techniques');

-- Dumping structure for table quizini.users
CREATE TABLE IF NOT EXISTS `users` (
  `id` int NOT NULL AUTO_INCREMENT,
  `username` varchar(50) NOT NULL,
  `email` varchar(100) NOT NULL,
  `password` varchar(255) NOT NULL,
  `created_at` timestamp NULL DEFAULT CURRENT_TIMESTAMP,
  `role` enum('user','admin') NOT NULL DEFAULT 'user',
  PRIMARY KEY (`id`),
  UNIQUE KEY `username` (`username`),
  UNIQUE KEY `email` (`email`)
) ENGINE=InnoDB AUTO_INCREMENT=3 DEFAULT CHARSET=utf8mb4 COLLATE=utf8mb4_0900_ai_ci;

-- Dumping data for table quizini.users: ~1 rows (approximately)
INSERT INTO `users` (`id`, `username`, `email`, `password`, `created_at`, `role`) VALUES
	(1, 'Guy 1', 'Test@testmail.com', '$2y$10$2xb/WEX/rctGBjdmD9.6GeZKN2cKiZaUTjCQgGv794LEJyuRuh8nu', '2026-05-06 13:27:29', 'user'),
	(2, 'Admin-John', 'Qadmin@email.com', '$2y$10$RQkxOWCsWMDIw1prUp6Ru.LP/WDRYkCMsbWaW8ISKWrEamkiGOtY.', '2026-05-14 16:57:04', 'admin');

-- Dumping structure for table quizini.user_results
CREATE TABLE IF NOT EXISTS `user_results` (
  `id` int NOT NULL AUTO_INCREMENT,
  `user_id` int NOT NULL,
  `quiz_id` int NOT NULL,
  `score` int NOT NULL,
  `total` int NOT NULL,
  `completed_at` timestamp NULL DEFAULT CURRENT_TIMESTAMP,
  PRIMARY KEY (`id`)
) ENGINE=InnoDB AUTO_INCREMENT=9 DEFAULT CHARSET=utf8mb4 COLLATE=utf8mb4_0900_ai_ci;

-- Dumping data for table quizini.user_results: ~8 rows (approximately)
INSERT INTO `user_results` (`id`, `user_id`, `quiz_id`, `score`, `total`, `completed_at`) VALUES
	(1, 1, 1, 4, 15, '2026-05-06 13:28:56'),
	(2, 1, 1, 3, 15, '2026-05-08 14:19:04'),
	(3, 1, 1, 14, 15, '2026-05-09 19:01:13'),
	(4, 1, 1, 8, 15, '2026-05-09 19:01:50'),
	(5, 1, 2, 8, 15, '2026-05-09 19:02:15'),
	(6, 1, 5, 4, 15, '2026-05-09 19:04:35'),
	(7, 1, 1, 15, 15, '2026-05-14 16:44:51'),
	(8, 1, 4, 8, 15, '2026-05-14 17:32:08');

/*!40103 SET TIME_ZONE=IFNULL(@OLD_TIME_ZONE, 'system') */;
/*!40101 SET SQL_MODE=IFNULL(@OLD_SQL_MODE, '') */;
/*!40014 SET FOREIGN_KEY_CHECKS=IFNULL(@OLD_FOREIGN_KEY_CHECKS, 1) */;
/*!40101 SET CHARACTER_SET_CLIENT=@OLD_CHARACTER_SET_CLIENT */;
/*!40111 SET SQL_NOTES=IFNULL(@OLD_SQL_NOTES, 1) */;
